需求编号,来源,设计模块,测试用例,状态
REQ-FUNC-001,README-特性1,待设计,待编写,待追溯
REQ-FUNC-002,README-特性1,待设计,待编写,待追溯
REQ-FUNC-003,README-特性2,待设计,待编写,待追溯
REQ-FUNC-004,README-特性2,待设计,待编写,待追溯
REQ-FUNC-005,README-特性3,待设计,待编写,待追溯
REQ-FUNC-006,README-特性3,待设计,待编写,待追溯
REQ-FUNC-007,README-特性3,待设计,待编写,待追溯
REQ-FUNC-008,README-特性4,待设计,待编写,待追溯
REQ-FUNC-009,README-特性4,待设计,待编写,待追溯
REQ-FUNC-010,README-特性4,待设计,待编写,待追溯
REQ-FUNC-011,README-特性5,待设计,待编写,待追溯
REQ-FUNC-012,README-特性5,待设计,待编写,待追溯
REQ-FUNC-013,README-技术栈,待设计,待编写,待追溯
REQ-FUNC-014,README-技术栈,待设计,待编写,待追溯
REQ-FUNC-015,README-治理,待设计,待编写,待追溯
REQ-FUNC-016,README-治理,待设计,待编写,待追溯
